Grade 9,Grade 10,Grade 11,Grade 12
Survey Comp,Comp World Lit,Am Lit,Phil of Lit
Ethnic Studies,World Studies,Am Lit Honors,AP Eng Lit
Algebra I,Geometry,Algebra II ,ERWC Lit Cul
Geometry,Algebra II,Algebra II Honors,Civics/Econ
Biology,Chemistry,Trig,AP Gov
Biology Honors,Chemistry Honors,Trig Honors,AP Macro
Geometry Honors,Algebra II Honors,Physics,AP Cal BC
Grade 9 PE,Total Fitness,AP Physics I,AP Cal AB
Spanish I,Team Sports,Weight Training,
Spanish II,Weight Training,Adv Wt Training,
Spanish II Honors,AP Euro Hist,AP US Hist,
French I,AP World Hist,US History,
French II,French II,AP Cal AB,
Japanese I,French III,,
Mandarin I,French III H,,
Japanese II,Spanish II,,
Mandarin II,Spanish II Honors,,
,Spanish III ,,
,Spanish III Honors,,
,Japanese III,,
,Japanese III Honors,,